{
    "loss": 20.768388748168945,
    "accuracy": 0.4686192572116852
}