{
    "loss": 10.763188362121582,
    "accuracy": 0.3765690326690674
}