{
    "loss": 21.08714485168457,
    "accuracy": 0.3765690326690674
}