{
    "loss": 20.313343048095703,
    "accuracy": 0.3765690326690674
}